ID,Title
2340404,2340404/north-vs-complexity-esl-pro-league-season-11-europe
2340089,2340089/natus-vincere-vs-fnatic-esl-pro-league-season-11-europe
2340403,2340403/big-vs-forze-esl-pro-league-season-11-europe
2340542,2340542/fate-vs-ambush-esea-advanced-season-33-europe
2340538,2340538/salamander-vs-unique-esea-advanced-season-33-europe
2340352,2340352/cloud9-vs-orgless-flashpoint-1
2340395,2340395/godsent-vs-spirit-esl-pro-league-season-11-europe
2340280,2340280/nip-vs-ence-esl-pro-league-season-11-europe
2340088,2340088/astralis-vs-vitality-esl-pro-league-season-11-europe
2340351,2340351/chaos-vs-mibr-flashpoint-1
2340533,2340533/ethereal-vs-timbermen-esea-advanced-season-33-north-america
2340531,2340531/buffdaddys-paypal-vs-serac-esea-advanced-season-33-north-america
2340544,2340544/station7-vs-thunder-logic-efire-master-league-north-america
2340534,2340534/big-chillin-vs-faint-esea-advanced-season-33-north-america
2340546,2340546/chiefs-vs-rooster-esl-australia-nz-championship-season-10
2340539,2340539/d13-vs-hz-esea-open-season-33-asia-pacific
2340543,2340543/yeah-vs-alcoholics-anonymous-efire-master-league-north-america
2340532,2340532/polar-ace-vs-front-esea-advanced-season-33-north-america
2340496,2340496/paradox-vs-airborne-lpl-pro-league-season-4
2340556,2340556/lucid-dream-vs-d13-esea-open-season-33-asia-pacific
2340497,2340497/i-sleep-vs-shidiots-lpl-pro-league-season-4
2340108,2340108/faze-vs-tyloo-esl-pro-league-season-11-europe
2340547,2340547/skade-vs-turkey5-esea-advanced-season-33-europe
2340413,2340413/100-thieves-vs-swole-patrol-esl-pro-league-season-11-north-america
2340541,2340541/alternate-attax-vs-prima-esea-advanced-season-33-europe
2340521,2340521/liquid-vs-mibr-esl-pro-league-season-11-north-america
2340529,2340529/vexed-vs-endpoint-esea-advanced-season-33-europe
2340564,2340564/front-vs-trivium-esea-advanced-season-33-north-america
2340554,2340554/timbermen-vs-dogs-of-war-esea-advanced-season-33-north-america
2340553,2340553/big-chillin-vs-prospects-esea-advanced-season-33-north-america
2340565,2340565/serac-vs-rise-esea-advanced-season-33-north-america
2340566,2340566/fury-vs-rozu-esea-mdl-season-33-australia-relegation
2340568,2340568/mako-vs-markandlarry-esea-mdl-season-33-australia-relegation
2340569,2340569/incept-vs-ex-mc-academy-esea-mdl-season-33-australia-relegation
2340567,2340567/esper-vs-draconic-esea-mdl-season-33-australia-relegation
2340557,2340557/espada-vs-pompa-sector-mostbet-season-2
2340287,2340287/og-vs-tyloo-esl-pro-league-season-11-europe
2340414,2340414/swole-patrol-vs-liquid-esl-pro-league-season-11-north-america
2340353,2340353/copenhagen-flames-vs-havu-flashpoint-1
2340558,2340558/skade-vs-tricked-sector-mostbet-season-2
2340548,2340548/ambush-vs-salamander-esea-advanced-season-33-europe
2340354,2340354/cloud9-vs-envy-flashpoint-1
2340415,2340415/evil-geniuses-vs-100-thieves-esl-pro-league-season-11-north-america
2340581,2340581/asterius-vs-ex-up-liga-dell-3-mar-20
2340574,2340574/rozu-vs-draconic-esea-mdl-season-33-australia-relegation
2340575,2340575/mako-vs-ex-mc-academy-esea-mdl-season-33-australia-relegation
2340576,2340576/fury-vs-esper-esea-mdl-season-33-australia-relegation
2340577,2340577/markandlarry-vs-incept-esea-mdl-season-33-australia-relegation
2340560,2340560/unique-vs-hard-legion-megogo-open
2340094,2340094/g2-vs-tyloo-esl-pro-league-season-11-europe
2340561,2340561/bogatiri-vs-1win-megogo-open
2340355,2340355/dignitas-vs-geng-flashpoint-1
2340405,2340405/mousesports-vs-faze-esl-pro-league-season-11-europe
2340356,2340356/mibr-vs-orgless-flashpoint-1
2340416,2340416/liquid-vs-100-thieves-esl-pro-league-season-11-north-america
2340562,2340562/station7-vs-alcoholics-anonymous-efire-master-league-north-america
2340587,2340587/rysix-vs-neverest-liga-dell-3-mar-20
2340465,2340465/9z-vs-imperial-aorus-league-2020-1-finals
2340563,2340563/buffdaddys-paypal-vs-polar-ace-esea-advanced-season-33-north-america
2340552,2340552/ethereal-vs-faint-esea-advanced-season-33-north-america
2340573,2340573/trivium-vs-serac-esea-advanced-season-33-north-america
2340582,2340582/incept-vs-rozu-esea-mdl-season-33-australia-relegation
2340583,2340583/esper-vs-mako-esea-mdl-season-33-australia-relegation
2340592,2340592/rozu-vs-esper-esea-mdl-season-33-australia-relegation
2340406,2340406/mousesports-vs-og-esl-pro-league-season-11-europe
2340584,2340584/hard-legion-vs-1win-megogo-open
2340559,2340559/akatsuki-vs-nosurrender-baltic-masters-season-4-finals
2340579,2340579/prima-vs-skade-esea-advanced-season-33-europe
2340104,2340104/g2-vs-faze-esl-pro-league-season-11-europe
2340357,2340357/mad-lions-vs-chaos-flashpoint-1
2340580,2340580/vexed-vs-salamander-esea-advanced-season-33-europe
2340417,2340417/liquid-vs-furia-esl-pro-league-season-11-north-america
2340589,2340589/rysix-vs-ex-up-liga-dell-3-mar-20
2340358,2340358/funplus-phoenix-vs-c0ntact-flashpoint-1
2340594,2340594/asterius-vs-ex-up-liga-dell-3-mar-20
2340588,2340588/yeah-vs-alcoholics-anonymous-efire-master-league-north-america
2340572,2340572/timbermen-vs-big-chillin-esea-advanced-season-33-north-america
2340407,2340407/faze-vs-virtuspro-esl-pro-league-season-11-europe
2340418,2340418/evil-geniuses-vs-swole-patrol-esl-pro-league-season-11-north-america
2340522,2340522/furia-vs-mibr-esl-pro-league-season-11-north-america
2340595,2340595/blood-sweat-and-tears-vs-timbermen-esea-advanced-season-33-north-america
2340591,2340591/ethereal-vs-trivium-esea-advanced-season-33-north-america
2340585,2340585/tricked-vs-espada-sector-mostbet-season-2
2340110,2340110/g2-vs-og-esl-pro-league-season-11-europe
2340092,2340092/mousesports-vs-virtuspro-esl-pro-league-season-11-europe
2340359,2340359/cloud9-vs-copenhagen-flames-flashpoint-1
2340578,2340578/alternate-attax-vs-endpoint-esea-advanced-season-33-europe
2340360,2340360/havu-vs-envy-flashpoint-1
2340593,2340593/skade-vs-salamander-esea-advanced-season-33-europe
2340523,2340523/100-thieves-vs-mibr-esl-pro-league-season-11-north-america
2340571,2340571/paradox-vs-i-sleep-lpl-pro-league-season-4
2340408,2340408/mousesports-vs-tyloo-esl-pro-league-season-11-europe
2340586,2340586/pompa-vs-skade-sector-mostbet-season-2
2340409,2340409/g2-vs-virtuspro-esl-pro-league-season-11-europe
2340600,2340600/goliath-vs-big-5-esea-open-season-33-south-africa
2340603,2340603/tricked-vs-skade-sector-mostbet-season-2
2340363,2340363/dignitas-vs-orgless-flashpoint-1
2340420,2340420/evil-geniuses-vs-furia-esl-pro-league-season-11-north-america
2340364,2340364/geng-vs-mibr-flashpoint-1
2340605,2340605/asterius-vs-red-feet-esea-open-season-33-brazil
2340590,2340590/buffdaddys-paypal-vs-faint-esea-advanced-season-33-north-america
2340598,2340598/blood-sweat-and-tears-vs-ethereal-esea-advanced-season-33-north-america
2340570,2340570/vertex-vs-rooster-lpl-pro-league-season-4
2340601,2340601/mustang-crew-vs-bluejays-lootbet-season-6-closed-qualifier
